{"key": "0x5a91461432cc131871bebb7adace6523b95feb51", "time": [1602701424, 1602705944, 1602705976, 1602740312, 1602743744, 1602775148, 1602775506, 1602778248, 1602783458, 1602784130, 1602787336, 1602789006, 1602789048, 1602789570, 1602790554, 1602794758, 1602816900, 1602858330, 1602860044, 1602861266, 1602861284, 1602869792, 1602870638, 1602969104, 1603020310, 1603020340, 1603187324, 1603218926, 1603309122, 1603312496, 1603341150, 1603376580, 1603376596, 1603385074, 1603385098, 1603483114, 1603643448, 1603721363, 1603725291, 1603729781, 1603729793, 1603734109, 1603743619, 1603745781, 1603747345, 1603809325, 1603811091, 1603811105, 1603820347, 1603821329, 1603821499, 1603822027, 1603822113, 1603822755, 1603823099, 1603823173, 1603823479, 1603841177, 1603851021, 1603889561, 1603890323, 1603890429, 1603890669, 1603892679, 1603895341, 1603915549, 1603915583, 1603988209, 1604107593, 1604109073, 1604131593, 1604177983, 1604178951, 1604189315, 1604193271, 1604279983, 1604280577, 1604280615, 1604280637, 1604346653, 1604379965, 1604382205, 1604399379, 1604402059, 1604402113, 1604404393, 1604416027, 1604416065, 1604436063, 1604445801, 1604446153, 1604451515, 1604454805, 1604459703, 1604470523, 1604470579, 1604470611, 1604470633, 1604471475, 1604484205, 1604507571, 1604517857, 1604534401, 1604564605, 1604592229, 1604609391, 1604616739, 1604617165, 1604617559, 1604619829, 1604631869, 1604631959, 1604671063, 1604680247, 1604716083, 1604718971, 1604720861, 1604720927, 1604720941, 1604771771, 1604811567, 1604951237, 1604955329, 1604959501, 1605014833, 1605096555, 1605107751, 1605118445, 1605121529, 1605189001, 1605205095, 1605394304, 1605398252, 1605455680, 1605470546, 1605471150, 1605481016, 1605481108, 1605486704, 1605486744, 1605533863, 1605540351, 1605550853, 1605551089, 1605561103, 1605564213, 1605581783, 1605581827, 1605584173, 1605587129, 1605597629, 1605608765, 1605608853, 1605636991, 1605637029, 1605637421, 1605639523, 1605639609, 1605643243, 1605665067, 1605676065, 1605699845, 1605719936, 1605719956, 1605720028, 1605720122, 1605737228, 1605739180, 1605759982, 1605803468, 1605908298, 1606269403, 1606337077, 1612804964], "price_yes": [0.5, 0.3623130062317837, 0.4732228379667973, 0.4433999766563079, 0.38983738009513347, 0.36590985359721595, 0.286594706106257, 0.40779385273856444, 0.4096928469302864, 0.41082996487384044, 0.5743916200671725, 0.5651765433909153, 0.5569906175741867, 0.5559069513392677, 0.5381193964795916, 0.47175162265186643, 0.47021567105986983, 0.4702502211160783, 0.4702157400253809, 0.4707337691611137, 0.47027347870034064, 0.4719982181906378, 0.4737176742399092, 0.47309996226389917, 0.3204487862641502, 0.32011851098942234, 0.3199234455993007, 0.3199648950485698, 0.3181383126858612, 0.318060878996824, 0.3181023775247734, 0.3403088366095269, 0.3403550668069147, 0.6305111820280104, 0.38871630648911654, 0.38866882141465764, 0.4266813466925096, 0.42677390251144637, 0.4288823526413539, 0.3777756085131227, 0.3776703657243434, 0.4162033801048886, 0.4161497693388856, 0.41618737304562775, 0.41624087886157096, 0.4162408788551986, 0.41624087884245614, 0.4162408788478923, 0.4168046609199314, 0.41684223090002265, 0.41684223090002265, 0.41691736504757165, 0.4169014159224305, 0.41697654396418515, 0.4207230309007793, 0.42258894966373844, 0.4229615446311596, 0.4238921712876414, 0.4941898592727933, 0.49425594306871273, 0.4942889817666212, 0.49432201833114925, 0.494355052762287, 0.49432179233857454, 0.4943217923350462, 0.49432179233425955, 0.49432179233542467, 0.49438785473934094, 0.4943878547239206, 0.49442086096977633, 0.4912038362606587, 0.491237047317714, 0.49348480969480685, 0.49345187158765663, 0.49378244169354363, 0.5003491006694992, 0.4975006270964763, 0.5003433988500406, 0.5030701686919792, 0.503070168696157, 0.4997943913042951, 0.503054244429661, 0.5027257168026316, 0.5027257168143198, 0.5028206477841948, 0.5028206477924464, 0.49379416463537934, 0.4937759858467953, 0.4937759858370361, 0.4937759858441157, 0.4949871443001419, 0.4949871443169244, 0.49808446896533565, 0.49808446897108727, 0.3622373441256516, 0.4200593535460558, 0.5434854250854058, 0.5431549447132612, 0.5736682782170618, 0.5216709905646352, 0.5216709905889292, 0.5152440471270231, 0.5152440471171398, 0.5089871805728085, 0.5110483326842417, 0.5103275758272717, 0.5103275758520857, 0.5103275758485992, 0.5103275758562202, 0.5042158265634605, 0.5042158265656722, 0.5042158265870639, 0.5042158266084503, 0.5048124874109342, 0.5052201859068165, 0.5052201859095519, 0.505220185906175, 0.5048094155701751, 0.5052201859527441, 0.5056965960203355, 0.5056965959902708, 0.5050802964085019, 0.5050802964151899, 0.5050802964459145, 0.5050802964547182, 0.5053819403986898, 0.5053819404311292, 0.5053819404294603, 0.5059846709165111, 0.518390343994298, 0.5186836900377663, 0.5156584254838414, 0.5125877498067342, 0.5076126966321557, 0.49508120518158005, 0.5075873725582145, 0.49535841861977287, 0.49379049488459315, 0.48189736272024186, 0.4703004033018187, 0.4683101538176921, 0.46354881375910445, 0.5159164274491465, 0.5050530189503162, 0.5013316290115298, 0.486280854998509, 0.4803904462034835, 0.47457404558283, 0.47053897293075475, 0.47012907925006747, 0.4763111962126327, 0.4801662813486881, 0.48980228383417285, 0.5020937809055478, 0.5020937809465331, 0.4982949609304147, 0.5016044137940497, 0.4994322440350356, 0.4999795400692641, 0.4999795400154932, 0.496113185296463, 0.4901009234049475, 0.548561296555896, 0.4902249902087799, 0.49640285056929095, 0.4901009234696756, 0.5252703528850056, 0.5252703106699685, 0.5252699137150016, 0.5252703742095897, 0.5252703733769163, 0.5252703731787273, 0.5252703739384444, 0.49889293255932743],