{
  "key": "0x90f32569125e23eeeb62730f495120e0a551628a",
  "time": [
    1605902800, 1605903042, 1605903280, 1605903386, 1605903406, 1605905662,
    1605905714, 1605921188, 1605923720, 1605933094, 1605940418, 1605950512,
    1605959132, 1605961422, 1605966578, 1605987166, 1605992978, 1605994596,
    1605994672, 1605996924, 1605997034, 1605997698, 1605998196, 1605998650,
    1605998708, 1606001234, 1606001248, 1606007328, 1606008054, 1606008078,
    1606008352, 1606008888, 1606014288, 1606014322, 1606018384, 1606019080,
    1606025235, 1606025237, 1606025251, 1606025261, 1606025267, 1606025287,
    1606025305, 1606025417, 1606025501, 1606025519, 1606025523, 1606025535,
    1606025631, 1606025745, 1606026307, 1606026453, 1606026523, 1606026571,
    1606026657, 1606026705, 1606026755, 1606026795, 1606027105, 1606027111,
    1606028693, 1606030287, 1606035985, 1606036051, 1606037719, 1606040617,
    1606040647, 1606049061, 1606068297, 1606068845, 1606068923, 1606068961,
    1606154499
  ],
  "price_yes": [
    0.6000000000184617, 0.6941022450539862, 0.6951929096349293,
    0.6961754134084264, 0.6966908905427213, 0.709219994031525,
    0.7233842618115651, 0.745044793777442, 0.745483182668805,
    0.7488112831102821, 0.7527919276923344, 0.7455359843333014,
    0.7245753156453003, 0.7245753156511877, 0.7155904356849183,
    0.7177028059580206, 0.7470554696931878, 0.73363138828438,
    0.7202372930298893, 0.7632655144250081, 0.7672160436598712,
    0.767216043652411, 0.7492349108886778, 0.7453371630927405,
    0.7452772019837555, 0.7499012047013978, 0.7502095907957006,
    0.7382188353510915, 0.7382188353180116, 0.7382188353619333,
    0.7388129413776328, 0.7398694145120407, 0.739869414509961,
    0.7398694145227922, 0.7598556907793965, 0.7592563070555283,
    0.9434376139478206, 0.9457766998820761, 0.9552379493665267,
    0.9671775352352345, 0.968739903942981, 0.9684279151208726,
    0.9687796349867224, 0.969758837563228, 0.9698046876467346,
    0.9698142267583676, 0.9698217213605793, 0.9716425335148023,
    0.9722599185543185, 0.9723998760232189, 0.972260463274176,
    0.9730830806945061, 0.9738699593344279, 0.9742506342989748,
    0.9756937312577499, 0.976370562683613, 0.9766985089958722,
    0.9768599479309926, 0.9769240577523136, 0.979662534068916,
    0.979627966801081, 0.9796810060472151, 0.984875196977433,
    0.9848851066287553, 0.9851435546535201, 0.9854903797502077,
    0.9854913442891287, 0.985053035587082, 0.985030956695845,
    0.9850529915321499, 0.9850309126098692, 0.9850529474771559, 1.0
  ],
  "liquidity_value": [
    10399.99999952, 9781.998407663628, 9772.212855373084, 9763.342325202899,
    9758.667287678487, 9640.520317878818, 9496.21829200897, 9252.32443381663,
    9247.085765805587, 9206.911573327267, 9157.913121259024, 9246.45396314462,
    9483.549513029557, 10585.248250222088, 10689.61865691977, 10665.55483757161,
    10300.229976820483, 10474.621192482, 10636.299637032502, 10072.248547720357,
    10013.668515553456, 8971.459047283215, 9201.746371405232, 9248.832043757104,
    9249.548734242111, 9193.59872313168, 9189.817866372308, 9332.316885375678,
    14567.94018019472, 9332.316885512737, 9325.471364043835, 9313.243647956067,
    10453.656134818853, 9313.243648091402, 9068.374110908451, 9076.102286995683,
    4903.974157180115, 4807.452442753821, 4389.736878840632, 3782.390936120745,
    3694.2515760894103, 3712.043006106139, 3691.9788720416173,
    3635.4554915833432, 3632.784377328443, 3632.22837227622, 3631.791467667791,
    3523.8279106181317, 3486.364378412605, 3477.8086420001414,
    3486.3311247658903, 3435.7009537656945, 3386.47790210839,
    3362.3764462414892, 3269.2160584786247, 3224.4952908155, 3202.5788890854633,
    3191.729195173631, 3187.4093517653505, 2996.5007267522697,
    2998.993286985599, 2995.1678339566947, 2590.974760027929, 2590.138858542062,
    2568.2360241387014, 2538.527871657646, 2538.444737130829, 2575.929813395983,
    2577.802737409093, 2575.9335519601577, 2577.806475719306, 2575.937290523815,
    -1.5746180679343524e-5
  ],
  "liquidity_tokens": [
    13000.0, 13000.0, 13000.0, 13000.0, 13000.0, 13000.0, 13000.0, 13000.0,
    13000.0, 13000.0, 13000.0, 13000.0, 13000.0, 14510.202858, 14510.202858,
    14510.202858, 14510.202858, 14510.202858, 14510.202858, 14510.202858,
    14510.202858, 13000.0, 13000.0, 13000.0, 13000.0, 13000.0, 13000.0, 13000.0,
    20293.269571999997, 12999.999999999998, 12999.999999999998,
    12999.999999999998, 14591.858097999999, 12999.999999999998,
    12999.999999999998, 12999.999999999998, 12999.999999999998,
    12999.999999999998, 12999.999999999998, 12999.999999999998,
    12999.999999999998, 12999.999999999998, 12999.999999999998,
    12999.999999999998, 12999.999999999998, 12999.999999999998,
    12999.999999999998, 12999.999999999998, 12999.999999999998,
    12999.999999999998, 12999.999999999998, 12999.999999999998,
    12999.999999999998, 12999.999999999998, 12999.999999999998,
    12999.999999999998, 12999.999999999998, 12999.999999999998,
    12999.999999999998, 12999.999999999998, 12999.999999999998,
    12999.999999999998, 12999.999999999998, 12999.999999999998,
    12999.999999999998, 12999.999999999998, 12999.999999999998,
    12999.999999999998, 12999.999999999998, 12999.999999999998,
    12999.999999999998, 12999.999999999998, -1.8189894035458565e-12
  ],
  "question": "Will Deiveson Figueiredo win his UFC 255 match?",
  "description": "This is a market on whether Deiveson Figueiredo will win his UFC 255 fight against Alex Perez. If Dievson Figueiredo is declared the winner of this bout, either by knockout or by judgement, this market will resolve \u201cYes.\u201d If Alex Perez is declared the winner, or this fight is declared a draw, this market will resolve to \u201cNo\u201d."
}
